Inhibitor,Target,MW,Smiles,Synonyms,Images,ID
Oclacitinib,"JAK1,JAK2,JAK3",337.2,Smiles=CNS(=O)(=O)C[C@H]1CC[C@@H](CC1)N(c2ncnc3c2cc[nH]3)CInChiKey=HJWLJNBZVZDLAQ-HAQNSBGRSA-N,"Oclacitinib,JAKI,PF-03394197",http://www.icoa.fr/pkidb/static/img/mol/Oclacitinib.svg, CHEMBL2103874
Toceranib,KIT,396.2,Smiles=Cc1c([nH]c(c1C(=O)NCCN2CCCC2)C)/C=C\3/c4cc(ccc4NC3=O)FInChiKey=SRSGVKWWVXWSJT-ATVHPVEESA-N,"PHA-291639,Toceranib",http://www.icoa.fr/pkidb/static/img/mol/Toceranib.svg, CHEMBL13608
Selatinib,"EGFR,ERBB2",564.1,Smiles=CS(=O)CCNCc1ccc(o1)c2ccc3c(c2)c(ncn3)Nc4ccc(c(c4)Cl)OCc5cccc(c5)FInChiKey=OAMVGUFHZPRXOM-UHFFFAOYSA-N,,http://www.icoa.fr/pkidb/static/img/mol/Selatinib.svg, CHEMBL3040548
Panulisib,"PIK3CA,MTOR",527.2,Smiles=CC(C)(C#N)c1ccc(cn1)n2c3c4cc(ccc4ncc3n(c2=NC#N)C)c5cc(c(nc5)N)C(F)(F)FInChiKey=VJLRLTSXTLICIR-UHFFFAOYSA-N,,http://www.icoa.fr/pkidb/static/img/mol/Panulisib.svg, None
Altiratinib,"MET,TEK,KDR,NTRK1",510.2,Smiles=c1cc(ccc1NC(=O)C2(CC2)C(=O)Nc3cc(c(cc3F)Oc4ccnc(c4)NC(=O)C5CC5)F)FInChiKey=GNNDEPIMDAZHRQ-UHFFFAOYSA-N,"DCC-2701,Altiratinib,DP-5164",http://www.icoa.fr/pkidb/static/img/mol/Altiratinib.svg, CHEMBL3545365
Balamapimod,"RAF1,MAP2K1,MAP2K2",573.2,Smiles=Cn1ccnc1Sc2ccc(cc2Cl)Nc3c4cc(c(cc4ncc3C#N)N5CCC(CC5)N6CCCC6)OCInChiKey=CVAKNHIXTWLGJO-UHFFFAOYSA-N,"MKI-833,Balamapimod",http://www.icoa.fr/pkidb/static/img/mol/Balamapimod.svg, CHEMBL2104954
Allitinib,"ERBB2,EGFR",448.1,Smiles=C=CC(=O)Nc1ccc2c(c1)c(ncn2)Nc3ccc(c(c3)Cl)OCc4cccc(c4)FInChiKey=MVZGYPSXNDCANY-UHFFFAOYSA-N,"AST-1306,ALL-3",http://www.icoa.fr/pkidb/static/img/mol/Allitinib.svg, CHEMBL1947204
Pexmetinib,"MAPK14,TEK",556.3,Smiles=Cc1ccc(cc1)n2c(cc(n2)C(C)(C)C)NC(=O)NCc3cc(ccc3Oc4ccc5c(c4)cnn5CCO)FInChiKey=LNMRSSIMGCDUTP-UHFFFAOYSA-N,,http://www.icoa.fr/pkidb/static/img/mol/Pexmetinib.svg, CHEMBL3991932
Henatinib,KDR,468.2,Smiles=Cc1c([nH]c2c1C(=O)N(CCC2)C[C@@H](CN3CCOCC3)O)/C=C\4/c5cc(ccc5NC4=O)FInChiKey=MCTXSDCWFQAGFS-UEXNTNOUSA-N,,http://www.icoa.fr/pkidb/static/img/mol/Henatinib.svg, CHEMBL1277072
Cenisertib,"AURKA,AURKB,AURKC",451.2,Smiles=Cc1cc(ccc1N2CCN(CC2)C)Nc3ncc(c(n3)N[C@@H]4[C@@H]5C[C@H]([C@@H]4C(=O)N)C=C5)FInChiKey=KSOVGRCOLZZTPF-QMKUDKLTSA-N,"R-763,AS-703569",http://www.icoa.fr/pkidb/static/img/mol/Cenisertib.svg, CHEMBL1614709
Mubritinib,"EGFR,ERBB2",468.2,Smiles=c1cc(ccc1CCCCn2ccnn2)OCc3coc(n3)/C=C/c4ccc(cc4)C(F)(F)FInChiKey=ZTFBIUXIQYRUNT-MDWZMJQESA-N,"TAK-165,Mubritinib",http://www.icoa.fr/pkidb/static/img/mol/Mubritinib.svg, CHEMBL1614707
Tafetinib,"KDR,FLT4,FLT1",424.2,Smiles=CCN(CC)CCNC(=O)c1c([nH]c\2c1CCC/C2=C/3\c4cc(ccc4NC3=O)F)CInChiKey=KGSRYTUWXUESJK-FXBPSFAMSA-N,,http://www.icoa.fr/pkidb/static/img/mol/Tafetinib.svg, CHEMBL2180602
Omipalisib,"PIK3CA,MTOR",505.1,Smiles=COc1c(cc(cn1)c2ccc3c(c2)c(ccn3)c4ccnnc4)NS(=O)(=O)c5ccc(cc5F)FInChiKey=CGBJSGAELGCMKE-UHFFFAOYSA-N,"Omipalisib,GSK2126458",http://www.icoa.fr/pkidb/static/img/mol/Omipalisib.svg, CHEMBL1236962
Voruciclib,CDK4,469.1,Smiles=CN1CC[C@H]([C@@H]1CO)c2c(cc(c3c2oc(cc3=O)c4ccc(cc4Cl)C(F)(F)F)O)OInChiKey=MRPGRAKIAJJGMM-OCCSQVGLSA-N,,http://www.icoa.fr/pkidb/static/img/mol/Voruciclib.svg, CHEMBL3905910
Ulixertinib,"MAPK1,MAPK3",432.1,Smiles=CC(C)Nc1cc(c(cn1)Cl)c2cc([nH]c2)C(=O)N[C@H](CO)c3cccc(c3)ClInChiKey=KSERXGMCDHOLSS-LJQANCHMSA-N,VRT752271VRT-752271BVD-523,http://www.icoa.fr/pkidb/static/img/mol/Ulixertinib.svg, CHEMBL3590106
Uprosertib,"AKT1,AKT2,AKT3",428.1,Smiles=Cn1c(c(cn1)Cl)c2cc(oc2Cl)C(=O)N[C@@H](Cc3ccc(c(c3)F)F)CNInChiKey=AXTAPYRUEKNRBA-JTQLQIEISA-N,"Uprosertib,GSK2141795C,GSK2141795",http://www.icoa.fr/pkidb/static/img/mol/Uprosertib.svg, CHEMBL3137336
Vistusertib,MTOR,462.2,Smiles=C[C@H]1COCCN1c2c3ccc(nc3nc(n2)N4CCOC[C@@H]4C)c5cccc(c5)C(=O)NCInChiKey=JUSFANSTBFGBAF-IRXDYDNUSA-N,"AZD-2014,AZD2014,Vistusertib",http://www.icoa.fr/pkidb/static/img/mol/Vistusertib.svg, CHEMBL2336325
Selonsertib,MAP3K5,445.2,Smiles=Cc1cc(c(cc1n2cc(nc2)C3CC3)C(=O)Nc4cccc(n4)c5nncn5C(C)C)FInChiKey=YIDDLAAKOYYGJG-UHFFFAOYSA-N,"GS-4997,Selonsertib",http://www.icoa.fr/pkidb/static/img/mol/Selonsertib.svg, CHEMBL3916717
Pamapimod,"MAPK14,MAPK11",406.1,Smiles=Cn1c2c(cc(c1=O)Oc3ccc(cc3F)F)cnc(n2)NC(CCO)CCOInChiKey=JYYLVUFNAHSSFE-UHFFFAOYSA-N,"R-1503,JTT-705,Pamapimod,Ro-4402257",http://www.icoa.fr/pkidb/static/img/mol/Pamapimod.svg, CHEMBL1090089
Dilmapimod,"MAPK14,MAPK11,MAPK13,MAPK12",456.1,Smiles=Cc1cc(ccc1c2c3ccc(=O)n(c3nc(n2)NC(CO)CO)c4c(cccc4F)F)FInChiKey=ORVNHOYNEHYKJG-UHFFFAOYSA-N,"Dilmapimod,GW681323,SB-681323",http://www.icoa.fr/pkidb/static/img/mol/Dilmapimod.svg, CHEMBL2103838
Spebrutinib,BTK,423.2,Smiles=COCCOc1ccc(cc1)Nc2ncc(c(n2)Nc3cccc(c3)NC(=O)C=C)FInChiKey=KXBDTLQSDKGAEB-UHFFFAOYSA-N,"CC-292,AVL-292,Spebrutinib",http://www.icoa.fr/pkidb/static/img/mol/Spebrutinib.svg, CHEMBL3301625
Riviciclib,"CDK1,CDK4,CDK9",401.1,Smiles=CN1CC[C@H]([C@@H]1CO)c2c(cc(c3c2oc(cc3=O)c4ccccc4Cl)O)OInChiKey=QLUYMIVVAYRECT-OCCSQVGLSA-N,,http://www.icoa.fr/pkidb/static/img/mol/Riviciclib.svg, CHEMBL3969723
Neflamapimod,MAPK14,435.0,Smiles=c1cc(c(c(c1)Cl)c2c3ccc(nn3cnc2=O)Sc4ccc(cc4F)F)ClInChiKey=VEPKQEUBKLEPRA-UHFFFAOYSA-N,"Neflamapimod,VD-31,VRT-031745,VX-745,745",http://www.icoa.fr/pkidb/static/img/mol/Neflamapimod.svg, CHEMBL119385
Gandotinib,JAK2,469.2,Smiles=Cc1cc(n[nH]1)Nc2cc(c3nc(c(n3n2)Cc4ccc(cc4F)Cl)C)CN5CCOCC5InChiKey=SQSZANZGUXWJEA-UHFFFAOYSA-N,"LY-2784544,Gandotinib",http://www.icoa.fr/pkidb/static/img/mol/Gandotinib.svg, CHEMBL2107823
Apitolisib,"PIK3CA,MTOR",498.2,Smiles=Cc1c(sc2c1nc(nc2N3CCOCC3)c4cnc(nc4)N)CN5CCN(CC5)C(=O)[C@H](C)OInChiKey=YOVVNQKCSKSHKT-HNNXBMFYSA-N,"GDC-0980.1,RG-7422,G-038390.1,GDC-0980,Apitolisib,G-038390",http://www.icoa.fr/pkidb/static/img/mol/Apitolisib.svg, CHEMBL1922094
Rabusertib,CHEK1,435.1,Smiles=Cc1cc(c(cc1Br)NC(=O)Nc2cnc(cn2)C)OC[C@@H]3CNCCO3InChiKey=SYYBDNPGDKKJDU-ZDUSSCGKSA-N,"Rabusertib,LY-2603618,IC-83",http://www.icoa.fr/pkidb/static/img/mol/Rabusertib.svg, CHEMBL3039517
Dactolisib,"PIK3CA,PIK3CB,PIK3CG,PIK3CD,MTOR",469.2,Smiles=CC(C)(C#N)c1ccc(cc1)n2c3c4cc(ccc4ncc3n(c2=O)C)c5cc6ccccc6nc5InChiKey=JOGKUKXHTYWRGZ-UHFFFAOYSA-N,"Dactolisib,NVP-BEZ235-NX,BEZ-235,NVP-BEZ235",http://www.icoa.fr/pkidb/static/img/mol/Dactolisib.svg, CHEMBL1879463
Pictilisib,"PIK3CA,PIK3CB,PIK3CD,PIK3CG",513.2,Smiles=CS(=O)(=O)N1CCN(CC1)Cc2cc3c(s2)c(nc(n3)c4cccc5c4cn[nH]5)N6CCOCC6InChiKey=LHNIIDJUOCFXAP-UHFFFAOYSA-N,"RG-7321,GDC-0941,Pictilisib",http://www.icoa.fr/pkidb/static/img/mol/Pictilisib.svg, CHEMBL521851
Foretinib,"MET,KDR",632.2,Smiles=COc1cc2c(ccnc2cc1OCCCN3CCOCC3)Oc4ccc(cc4F)NC(=O)C5(CC5)C(=O)Nc6ccc(cc6)FInChiKey=CXQHYVUVSFXTMY-UHFFFAOYSA-N,"EXEL-2880,Foretinib,GSK1363089G,GSK1363089,GSK-1363089,XL-880,GSK089",http://www.icoa.fr/pkidb/static/img/mol/Foretinib.svg, CHEMBL1230609
Afuresertib,"AKT1,AKT2,AKT3",426.0,Smiles=Cn1c(c(cn1)Cl)c2cc(sc2Cl)C(=O)N[C@@H](Cc3cccc(c3)F)CNInChiKey=AFJRDFWMXUECEW-LBPRGKRZSA-N,"GSK2110183,Afuresertib,GSK2110183C",http://www.icoa.fr/pkidb/static/img/mol/Afuresertib.svg, CHEMBL2219422
Lucitanib,"FLT1,KDR,FLT4,FGFR1,FGFR2",443.2,Smiles=CNC(=O)c1cccc2c1ccc(c2)Oc3ccnc4c3cc(c(c4)OCC5(CC5)N)OCInChiKey=CUDVHEFYRIWYQD-UHFFFAOYSA-N,"E-3810,CO-3810,Lucitanib,S-80881,AL-3810",http://www.icoa.fr/pkidb/static/img/mol/Lucitanib.svg, CHEMBL2220486
Adavosertib,WEE1,500.3,Smiles=CC(C)(c1cccc(n1)n2c3c(cnc(n3)Nc4ccc(cc4)N5CCN(CC5)C)c(=O)n2CC=C)OInChiKey=BKWJAKQVGHWELA-UHFFFAOYSA-N,"AZD-1775,MK-1775",http://www.icoa.fr/pkidb/static/img/mol/Adavosertib.svg, CHEMBL1976040
Defactinib,"PTK2,PTK2B",510.1,Smiles=CNC(=O)c1ccc(cc1)Nc2ncc(c(n2)NCc3c(nccn3)N(C)S(=O)(=O)C)C(F)(F)FInChiKey=FWLMVFUGMHIOAA-UHFFFAOYSA-N,"PF-04554878,VS-6063,Defactinib",http://www.icoa.fr/pkidb/static/img/mol/Defactinib.svg, CHEMBL3137331
Bafetinib,"LYN,ABL1",576.3,Smiles=Cc1ccc(cc1Nc2nccc(n2)c3cncnc3)NC(=O)c4ccc(c(c4)C(F)(F)F)CN5CC[C@@H](C5)N(C)CInChiKey=ZGBAJMQHJDFTQJ-DEOSSOPVSA-N,"CNS-9,Bafetinib,NS-187,INNO-406",http://www.icoa.fr/pkidb/static/img/mol/Bafetinib.svg, CHEMBL206834
Merestinib,MET,552.2,Smiles=Cc1ccc(c(=O)n1c2ccc(cc2)F)C(=O)Nc3ccc(c(c3)F)Oc4cc5cnn(c5cc4c6c[nH]nc6)CInChiKey=QHADVLVFMKEIIP-UHFFFAOYSA-N,"Merestinib,LY-2801653",http://www.icoa.fr/pkidb/static/img/mol/Merestinib.svg, CHEMBL3545307
Entospletinib,SYK,411.2,Smiles=c1cc(ccc1Nc2c3nccn3cc(n2)c4ccc5cn[nH]c5c4)N6CCOCC6InChiKey=XSMSNFMDVXXHGJ-UHFFFAOYSA-N,"GS-9973,Entospletinib",http://www.icoa.fr/pkidb/static/img/mol/Entospletinib.svg, CHEMBL3265032
Galunisertib,TGFBR1,369.2,Smiles=Cc1cccc(n1)c2c(c3n(n2)CCC3)c4ccnc5c4cc(cc5)C(=O)NInChiKey=IVRXNBXKWIJUQB-UHFFFAOYSA-N,"Galunisertib,LY-2157299",http://www.icoa.fr/pkidb/static/img/mol/Galunisertib.svg, CHEMBL2364611
Ilorasertib,"AURKA,AURKB,AURKC,FLT1,PDGFRA,PDGFRB",488.1,Smiles=c1cc(cc(c1)F)NC(=O)Nc2ccc(cc2)c3csc4c3c(ncc4c5cnn(c5)CCO)NInChiKey=WPHKIQPVPYJNAX-UHFFFAOYSA-N,"A-968660,ABT-348,Ilorasertib",http://www.icoa.fr/pkidb/static/img/mol/Ilorasertib.svg, CHEMBL1980297
Amcasertib,PDGFRA,539.2,Smiles=CCN(CC)CCNC(=O)c1c(c([nH]c1C)/C=C\2/c3cc(ccc3NC2=O)c4csc(n4)c5ccccc5)CInChiKey=QDWKGEFGLQMDAM-ULJHMMPZSA-N,"BBI-503,Amcasertib",http://www.icoa.fr/pkidb/static/img/mol/Amcasertib.svg, CHEMBL3707349
Amuvatinib,"KIT,MET,RET,FLT3,PDGFRB",447.1,Smiles=c1ccc2c(c1)c3c(o2)c(ncn3)N4CCN(CC4)C(=S)NCc5ccc6c(c5)OCO6InChiKey=FOFDIMHVKGYHRU-UHFFFAOYSA-N,"MP-470,HPK56,Amuvatinib,HPK-56",http://www.icoa.fr/pkidb/static/img/mol/Amuvatinib.svg, CHEMBL2103851
Evobrutinib,BTK,429.2,Smiles=C=CC(=O)N1CCC(CC1)CNc2c(c(ncn2)N)c3ccc(cc3)Oc4ccccc4InChiKey=QUIWHXQETADMGN-UHFFFAOYSA-N,EVOBRUTINIB,http://www.icoa.fr/pkidb/static/img/mol/Evobrutinib.svg, CHEMBL4072833
Glesatinib,"MET,TEK,FLT1,KDR,FLT4,MST1R",619.2,Smiles=COCCNCc1ccc(nc1)c2cc3c(s2)c(ccn3)Oc4ccc(cc4F)NC(=S)NC(=O)Cc5ccc(cc5)FInChiKey=YRCHYHRCBXNYNU-UHFFFAOYSA-N,"MG90265H9,MG90265gly,MGCD265,MG90265,MG90265X,Glesatinib",http://www.icoa.fr/pkidb/static/img/mol/Glesatinib.svg, CHEMBL3989914
Bemcentinib,AXL,506.3,Smiles=c1ccc-2c(c1)CCCc3c2nnc(c3)n4c(nc(n4)Nc5ccc6c(c5)CC[C@H](CC6)N7CCCC7)NInChiKey=KXMZDGSRSGHMMK-VWLOTQADSA-N,BGB324; KEYTRUDABEMCENTINIB,http://www.icoa.fr/pkidb/static/img/mol/Bemcentinib.svg, CHEMBL3809489
Gedatolisib,"PIK3CA,PIK3CB,PIK3CG,PIK3CD,MTOR",615.3,Smiles=CN(C)C1CCN(CC1)C(=O)c2ccc(cc2)NC(=O)Nc3ccc(cc3)c4nc(nc(n4)N5CCOCC5)N6CCOCC6InChiKey=DWZAEMINVBZMHQ-UHFFFAOYSA-N,"PKI-587,Gedatolisib,PF-05212384",http://www.icoa.fr/pkidb/static/img/mol/Gedatolisib.svg, CHEMBL592445
Capivasertib,AKT1,428.2,Smiles=c1cc(ccc1[C@H](CCO)NC(=O)C2(CCN(CC2)c3c4cc[nH]c4ncn3)N)ClInChiKey=JDUBGYFRJFOXQC-KRWDZBQOSA-N,AZD-5363,http://www.icoa.fr/pkidb/static/img/mol/Capivasertib.svg, CHEMBL2325741
Telatinib,"KDR,FLT4",409.1,Smiles=CNC(=O)c1cc(ccn1)COc2c3c(cco3)c(nn2)Nc4ccc(cc4)ClInChiKey=QFCXANHHBCGMAS-UHFFFAOYSA-N,"BAY-57-9352,Telatinib,BAY-579352",http://www.icoa.fr/pkidb/static/img/mol/Telatinib.svg, CHEMBL2079588
Pilaralisib,"PIK3CA,PIK3CB,PIK3CD,PIK3CG",540.1,Smiles=CC(C)(C(=O)Nc1cccc(c1)S(=O)(=O)Nc2c(nc3ccccc3n2)Nc4cc(ccc4Cl)OC)NInChiKey=QINPEPAQOBZPOF-UHFFFAOYSA-N,"Pilaralisib,SAR-245408,XL-147",http://www.icoa.fr/pkidb/static/img/mol/Pilaralisib.svg, CHEMBL3360203
Bentamapimod,"MAPK8,MAPK9",457.2,Smiles=N#CC(c1nc2ccccc2s1)c5nc(OCc3ccc(cc3)CN4CCOCC4)ncc5InChiKey=XCPPIJCBCWUBNT-UHFFFAOYSA-N,"PGL-5001,Bentamapimod,AS-602801",http://www.icoa.fr/pkidb/static/img/mol/Bentamapimod.svg, CHEMBL3545213
Ralimetinib,"MAPK14,MAPK11",420.2,Smiles=CC(C)(C)Cn1c2c(ccc(n2)c3c(nc([nH]3)C(C)(C)C)c4ccc(cc4)F)nc1NInChiKey=XPPBBJCBDOEXDN-UHFFFAOYSA-N,"LY-2228820,LY-22288220,Ralimetinib",http://www.icoa.fr/pkidb/static/img/mol/Ralimetinib.svg, CHEMBL2364626
Rebastinib,"FLT3,TEK,KDR,LYN,BCR,ABL1,NTRK1",553.2,Smiles=CC(C)(C)c1cc(n(n1)c2ccc3c(c2)cccn3)NC(=O)Nc4ccc(cc4F)Oc5ccnc(c5)C(=O)NCInChiKey=WVXNSAVVKYZVOE-UHFFFAOYSA-N,"DP-1919,DP-1919,DCC-2036,Rebastinib",http://www.icoa.fr/pkidb/static/img/mol/Rebastinib.svg, CHEMBL1738757
Refametinib,MAP2K1,572.0,Smiles=COc1cc(c(c(c1NS(=O)(=O)C2(CC2)C[C@@H](CO)O)Nc3ccc(cc3F)I)F)FInChiKey=RDSACQWTXKSHJT-NSHDSACASA-N,"BAY-86-9766,Refametinib,RDEA-119",http://www.icoa.fr/pkidb/static/img/mol/Refametinib.svg, CHEMBL1236682
Tepotinib,MET,492.2,Smiles=CN1CCC(CC1)COc2cnc(nc2)c3cccc(c3)Cn4c(=O)ccc(n4)c5cccc(c5)C#NInChiKey=AHYMHWXQRWRBKT-UHFFFAOYSA-N,"MSC-2156119,Tepotinib,MSC-2156119J,EMD-1214063",http://www.icoa.fr/pkidb/static/img/mol/Tepotinib.svg, CHEMBL3402762
Seliciclib,"CDK2,CDK7,CDK9",354.2,Smiles=CC[C@H](CO)Nc1nc(NCc2ccccc2)c3ncn(C(C)C)c3n1InChiKey=BTIHMVBBUGXLCJ-OAHLLOKOSA-N,"Seliciclib,CYC-202,AL-39256",http://www.icoa.fr/pkidb/static/img/mol/Seliciclib.svg, CHEMBL14762
Tarloxotinib,EGFR,679.0,Smiles=Cn1cnc(c1C[N+](C)(C)C/C=C/C(=O)Nc2cc3c(cn2)ncnc3Nc4ccc(c(c4)Br)Cl)[N+](=O)[O-].[Br-]InChiKey=WAKIMVYUBWMMHJ-FXRZFVDSSA-N,,http://www.icoa.fr/pkidb/static/img/mol/Tarloxotinib.svg, None
Tandutinib,"FLT3,PDGFD",562.3,Smiles=CC(C)Oc1ccc(cc1)NC(=O)N2CCN(CC2)c3c4cc(c(cc4ncn3)OCCCN5CCCCC5)OCInChiKey=UXXQOJXBIDBUAC-UHFFFAOYSA-N,"Tandutinib,MLN-0518,CT-53518,MLN-518",http://www.icoa.fr/pkidb/static/img/mol/Tandutinib.svg, CHEMBL124660
Roniciclib,"CDK1,CDK2,CDK4,CDK9",430.1,Smiles=C[C@H]([C@@H](C)Oc1c(cnc(n1)Nc2ccc(cc2)[S@](=N)(=O)C3CC3)C(F)(F)F)OInChiKey=UELYDGOOJPRWGF-SRQXXRKNSA-N,,http://www.icoa.fr/pkidb/static/img/mol/Roniciclib.svg, None
Sapanisertib,MTOR,309.1,Smiles=CC(C)n1c2c(c(n1)c3ccc4c(c3)nc(o4)N)c(ncn2)NInChiKey=GYLDXIAOMVERTK-UHFFFAOYSA-N,"MLN-0128,Sapanisertib,TAK-228",http://www.icoa.fr/pkidb/static/img/mol/Sapanisertib.svg, CHEMBL3545097
Milciclib,"CDK1,NTRK1",460.3,Smiles=CC1(Cc2cnc(nc2-c3c1c(nn3C)C(=O)NC)Nc4ccc(cc4)N5CCN(CC5)C)CInChiKey=RXZMYLDMFYNEIM-UHFFFAOYSA-N,"PHA-848125,Milciclib",http://www.icoa.fr/pkidb/static/img/mol/Milciclib.svg, CHEMBL564829
Infigratinib,"FGFR1,FGFR2,FGFR3",559.2,Smiles=CCN1CCN(CC1)c2ccc(cc2)Nc3cc(ncn3)N(C)C(=O)Nc4c(c(cc(c4Cl)OC)OC)ClInChiKey=QADPYRIHXKWUSV-UHFFFAOYSA-N,"BGJ-398,NVP-BGJ398",http://www.icoa.fr/pkidb/static/img/mol/Infigratinib.svg, CHEMBL1852688
Trilaciclib,"CDK4,CDK6",446.3,Smiles=CN1CCN(CC1)c2ccc(nc2)Nc3ncc4cc5n(c4n3)C6(CCCCC6)CNC5=OInChiKey=PDGKHKMBHVFCMG-UHFFFAOYSA-N,"G1T28,Trilaciclib",http://www.icoa.fr/pkidb/static/img/mol/Trilaciclib.svg, CHEMBL3894860
Prexasertib,"CHEK1,CHEK2",365.2,Smiles=COc1cccc(c1c2cc(n[nH]2)Nc3cnc(cn3)C#N)OCCCNInChiKey=DOTGPNHGTYJDEP-UHFFFAOYSA-N,"LY-2606368,Prexasertib",http://www.icoa.fr/pkidb/static/img/mol/Prexasertib.svg, CHEMBL3544911
Poziotinib,EGFR,490.1,Smiles=COc1cc2c(cc1OC3CCN(CC3)C(=O)C=C)c(ncn2)Nc4ccc(c(c4F)Cl)ClInChiKey=LPFWVDIFUFFKJU-UHFFFAOYSA-N,"NOV-120101,Poziotinib,HM-781-36B",http://www.icoa.fr/pkidb/static/img/mol/Poziotinib.svg, CHEMBL3545154
Golvatinib,"MET,KDR",633.3,Smiles=CN1CCN(CC1)C2CCN(CC2)C(=O)Nc3cc(ccn3)Oc4ccc(c(c4)F)NC(=O)C5(CC5)C(=O)Nc6ccc(cc6)FInChiKey=UQRCJCNVNUFYDX-UHFFFAOYSA-N,"E-7050,Golvatinib,E7050",http://www.icoa.fr/pkidb/static/img/mol/Golvatinib.svg, CHEMBL3039525
Pimasertib,"MAP2K1,MAP2K2",431.0,Smiles=c1cc(c(cc1I)F)Nc2cnccc2C(=O)NC[C@@H](CO)OInChiKey=VIUAUNHCRHHYNE-JTQLQIEISA-N,"MSC1936369A; AS703026; EMD 1036239,AS-703026,MSC-1936369B,EMD 1036239, Pimasertib",http://www.icoa.fr/pkidb/static/img/mol/Pimasertib.svg, CHEMBL2107832
Acalisib,PIK3CA,401.1,Smiles=C[C@@H](c1nc2ccc(cc2c(=O)n1c3ccccc3)F)Nc4c5c(nc[nH]5)ncn4InChiKey=DOCINCLJNAXZQF-LBPRGKRZSA-N,CAL-120,http://www.icoa.fr/pkidb/static/img/mol/Acalisib.svg, None
Sapitinib,"EGFR,ERBB2,ERBB4,ERBB3",473.2,Smiles=CNC(=O)CN1CCC(CC1)Oc2cc3c(cc2OC)ncnc3Nc4cccc(c4F)ClInChiKey=DFJSJLGUIXFDJP-UHFFFAOYSA-N,"Sapitinib,AZD-8931",http://www.icoa.fr/pkidb/static/img/mol/Sapitinib.svg, CHEMBL2408045
Tozasertib,"AURKA,AURKB,AURKC",464.2,Smiles=Cc1cc(n[nH]1)Nc2cc(nc(n2)Sc3ccc(cc3)NC(=O)C4CC4)N5CCN(CC5)CInChiKey=GCIKSSRWRFVXBI-UHFFFAOYSA-N,"VX-680,MK-0457,Tozasertib,VX-68,MK-045",http://www.icoa.fr/pkidb/static/img/mol/Tozasertib.svg, CHEMBL572878
Silmitasertib,"CSNK2A1,CSNK2A2",349.1,Smiles=c1cc(cc(c1)Cl)Nc2c3ccncc3c4ccc(cc4n2)C(=O)OInChiKey=MUOKSQABCJCOPU-UHFFFAOYSA-N,"Silmitasertib,CX-4945",http://www.icoa.fr/pkidb/static/img/mol/Silmitasertib.svg, CHEMBL1230165
Tanzisertib,MAPK8,448.2,Smiles=c1c(c(c(cc1F)F)Nc2n(c3nc(ncc3n2)N[C@H]4CC[C@@H](CC4)O)[C@@H]5COCC5)FInChiKey=IBGLGMOPHJQDJB-IHRRRGAJSA-N,"Tanzisertib,JNK-930,CC-930",http://www.icoa.fr/pkidb/static/img/mol/Tanzisertib.svg, CHEMBL1950289
Voxtalisib,"PIK3CA,MTOR",270.1,Smiles=CCn1c2c(cc(c1=O)c3ccn[nH]3)c(nc(n2)N)CInChiKey=RGHYDLZMTYDBDT-UHFFFAOYSA-N,"SAR-245409,Voxtalisib,XL-765",http://www.icoa.fr/pkidb/static/img/mol/Voxtalisib.svg, CHEMBL3545366
Acumapimod,"MAPK14,MAPK11,MAPK13,MAPK12",385.2,Smiles=Cc1ccc(cc1n2c(c(cn2)C(=O)c3cccc(c3)C#N)N)C(=O)NC4CC4InChiKey=VGUSQKZDZHAAEE-UHFFFAOYSA-N,,http://www.icoa.fr/pkidb/static/img/mol/Acumapimod.svg, None
Danusertib,"AURKA,AURKB,AURKC",474.2,Smiles=CN1CCN(CC1)c2ccc(cc2)C(=O)Nc3c4c([nH]n3)CN(C4)C(=O)[C@@H](c5ccccc5)OCInChiKey=XKFTZKGMDDZMJI-HSZRJFAPSA-N,"Danusertib,PHA-739358",http://www.icoa.fr/pkidb/static/img/mol/Danusertib.svg, CHEMBL402548
Solcitinib,JAK1,389.2,Smiles=CC1(CN(C1)C(=O)c2ccc(cc2)c3cccc4n3nc(n4)NC(=O)C5CC5)CInChiKey=MPYACSQFXVMWNO-UHFFFAOYSA-N,"GLPG-0788,GSK2586184A,Solcitinib,GSK2586184,G-154578,GLPG-0778",http://www.icoa.fr/pkidb/static/img/mol/Solcitinib.svg, CHEMBL3301606
Talmapimod,MAPK14,512.2,Smiles=C[C@@H]1CN([C@H](CN1C(=O)c2cc3c(cc2Cl)n(cc3C(=O)C(=O)N(C)C)C)C)Cc4ccc(cc4)FInChiKey=ZMELOYOKMZBMRB-DLBZAZTESA-N,"Talmapimod,SCIO-469",http://www.icoa.fr/pkidb/static/img/mol/Talmapimod.svg, CHEMBL514201
Tesevatinib,"EGFR,ERBB2,KDR,FLT4,EPHB4",490.1,Smiles=CN1C[C@H]2C[C@H](C[C@H]2C1)COc3cc4c(cc3OC)c(ncn4)Nc5ccc(c(c5F)Cl)ClInChiKey=HVXKQKFEHMGHSL-QKDCVEJESA-N,"Tesevatinib,XL-647,KD-020,KD-019",http://www.icoa.fr/pkidb/static/img/mol/Tesevatinib.svg, CHEMBL3544983
Olmutinib,EGFR,486.2,Smiles=CN1CCN(CC1)c2ccc(cc2)Nc3nc4ccsc4c(n3)Oc5cccc(c5)NC(=O)C=CInChiKey=FDMQDKQUTRLUBU-UHFFFAOYSA-N,"BI 1482694,Olmutinib,HM61713,HM-61713",http://www.icoa.fr/pkidb/static/img/mol/Olmutinib.svg, CHEMBL3786343
Pelitinib,"EGFR,ERBB2",467.2,Smiles=CCOc1cc2c(cc1NC(=O)/C=C/CN(C)C)c(c(cn2)C#N)Nc3ccc(c(c3)Cl)FInChiKey=WVUNYSQLFKLYNI-AATRIKPKSA-N,"WAY-EKB-569,EKB-569,Pelitinib",http://www.icoa.fr/pkidb/static/img/mol/Pelitinib.svg, CHEMBL607707
Sonolisib,"PIK3CA,PIK3CB,PIK3CG",525.2,Smiles=CC(=O)O[C@@H]1C[C@]2([C@@H](CCC2=O)C3=C1[C@]4([C@H](OC(=O)/C(=C/N(CC=C)CC=C)/C4=C(C3=O)O)COC)C)CInChiKey=QIUASFSNWYMDFS-NILGECQDSA-N,"Sonolisib,PX-866",http://www.icoa.fr/pkidb/static/img/mol/Sonolisib.svg, CHEMBL411907
Decernotinib,JAK3,392.2,Smiles=CC[C@](C)(C(=O)NCC(F)(F)F)Nc1ccnc(n1)c2c[nH]c3c2cccn3InChiKey=ASUGUQWIHMTFJL-QGZVFWFLSA-N,"VRT-831509,Adelatinib,VX-509,Decernotinib",http://www.icoa.fr/pkidb/static/img/mol/Decernotinib.svg, CHEMBL3039513
Doramapimod,MAPK14,527.3,Smiles=Cc1ccc(cc1)n2c(cc(n2)C(C)(C)C)NC(=O)Nc3ccc(c4c3cccc4)OCCN5CCOCC5InChiKey=MVCOAUNKQVWQHZ-UHFFFAOYSA-N,"Doramapimod,BIRB-796",http://www.icoa.fr/pkidb/static/img/mol/Doramapimod.svg, CHEMBL103667
Tucatinib,ERBB2,480.2,Smiles=Cc1cc(ccc1Oc2ccn3c(c2)ncn3)Nc4c5cc(ccc5ncn4)NC6=NC(CO6)(C)CInChiKey=SDEAXTCZPQIFQM-UHFFFAOYSA-N,"Tucatinib,ONT-380,ARRY-380",http://www.icoa.fr/pkidb/static/img/mol/Tucatinib.svg, CHEMBL3989868
Tamatinib,SYK,470.2,Smiles=CC1(C(=O)Nc2c(ccc(n2)Nc3c(cnc(n3)Nc4cc(c(c(c4)OC)OC)OC)F)O1)CInChiKey=NHHQJBCNYHBUSI-UHFFFAOYSA-N,R-406,http://www.icoa.fr/pkidb/static/img/mol/Tamatinib.svg, CHEMBL475251
Varlitinib,"EGFR,ERBB2",466.1,Smiles=C[C@@H]1COC(=N1)Nc2ccc3c(c2)c(ncn3)Nc4ccc(c(c4)Cl)OCc5nccs5InChiKey=UWXSAYUXVSFDBQ-CYBMUJFWSA-N,"ARRY-543,ASLAN-001,Varlitinib,ARRY-334543",http://www.icoa.fr/pkidb/static/img/mol/Varlitinib.svg, CHEMBL2103842
Cerdulatinib,"JAK1,SYK",445.2,Smiles=CCS(=O)(=O)N1CCN(CC1)c2ccc(cc2)Nc3ncc(c(n3)NC4CC4)C(=O)NInChiKey=BGLPECHZZQDNCD-UHFFFAOYSA-N,PRT-062070,http://www.icoa.fr/pkidb/static/img/mol/Cerdulatinib.svg, CHEMBL4116008
Flumatinib,"BCR,ABL1,PDGFRB,KIT",562.2,Smiles=Cc1c(cc(cn1)NC(=O)c2ccc(c(c2)C(F)(F)F)CN3CCN(CC3)C)Nc4nccc(n4)c5cccnc5InChiKey=BJCJYEYYYGBROF-UHFFFAOYSA-N,"HHGV-678,Flumatinib",http://www.icoa.fr/pkidb/static/img/mol/Flumatinib.svg, CHEMBL3545413
Linifanib,"FLT3,CSF1R,KDR",375.1,Smiles=Cc1ccc(c(c1)NC(=O)Nc2ccc(cc2)c3cccc4c3c(n[nH]4)N)FInChiKey=MPVGZUGXCQEXTM-UHFFFAOYSA-N,"ABT-869,RG-3635,Linifanib,AL-39324",http://www.icoa.fr/pkidb/static/img/mol/Linifanib.svg, CHEMBL223360
Linsitinib,IGF1R,421.2,Smiles=C[C@]1(C[C@@H](C1)c2n3c(c(ncc3)N)c(n2)c4cc5nc(ccc5cc4)c6ccccc6)OInChiKey=PKCDDUHJAFVJJB-VLZXCDOPSA-N,"Linsitinib,ASP-7487,OSI-906,OSI-906AA",http://www.icoa.fr/pkidb/static/img/mol/Linsitinib.svg, CHEMBL1091644
Pacritinib,JAK2,472.2,Smiles=c1cc2cc(c1)-c3ccnc(n3)Nc4ccc(c(c4)COC/C=C/COC2)OCCN5CCCC5InChiKey=HWXVIOGONBBTBY-ONEGZZNKSA-N,"ONX-0803,SB-1518,SB1518,Pacritinib",http://www.icoa.fr/pkidb/static/img/mol/Pacritinib.svg, CHEMBL2035187
Ipatasertib,"AKT1,AKT2,AKT3",457.2,Smiles=C[C@@H]1C[C@H](c2c1c(ncn2)N3CCN(CC3)C(=O)[C@H](CNC(C)C)c4ccc(cc4)Cl)OInChiKey=GRZXWCHAXNAUHY-NSISKUIASA-N,"GDC-0068,Ipatasertib,RG-7440",http://www.icoa.fr/pkidb/static/img/mol/Ipatasertib.svg, CHEMBL2177390
Filgotinib,JAK1,425.2,Smiles=c1cc(n2c(c1)nc(n2)NC(=O)C3CC3)c4ccc(cc4)CN5CCS(=O)(=O)CC5InChiKey=RIJLVEAXPNLDTC-UHFFFAOYSA-N,"G-146034,GLPG-0634,Filgotinib",http://www.icoa.fr/pkidb/static/img/mol/Filgotinib.svg, CHEMBL3301607
Losmapimod,"MAPK14,MAPK11,MAPK13,MAPK12",383.2,Smiles=Cc1c(cc(cc1F)C(=O)NC2CC2)c3ccc(cn3)C(=O)NCC(C)(C)CInChiKey=KKYABQBFGDZVNQ-UHFFFAOYSA-N,"GSKAHAB,GW856553,GW856553X,Losmapimod",http://www.icoa.fr/pkidb/static/img/mol/Losmapimod.svg, CHEMBL1088752
Naquotinib,EGFR,562.3,Smiles=CCc1c(nc(c(n1)C(=O)N)Nc2ccc(cc2)N3CCC(CC3)N4CCN(CC4)C)O[C@@H]5CCN(C5)C(=O)C=CInChiKey=QKDCLUARMDUUKN-XMMPIXPASA-N,"Naquotinib,ASP8273",http://www.icoa.fr/pkidb/static/img/mol/Naquotinib.svg, CHEMBL3663929
Motesanib,"FLT1,KDR,FLT4,PDGFRA,PDGFRB,KIT,RET",373.2,Smiles=CC1(CNc2c1ccc(c2)NC(=O)c3cccnc3NCc4ccncc4)CInChiKey=RAHBGWKEPAQNFF-UHFFFAOYSA-N,"AMG-706,Motesanib",http://www.icoa.fr/pkidb/static/img/mol/Motesanib.svg, CHEMBL572881
Momelotinib,"JAK1,JAK2,JAK3",414.2,Smiles=c1cc(ccc1c2ccnc(n2)Nc3ccc(cc3)N4CCOCC4)C(=O)NCC#NInChiKey=ZVHNDZWQTBEVRY-UHFFFAOYSA-N,"CYT-11387,GS-0387,Momelotinib,CYT-387",http://www.icoa.fr/pkidb/static/img/mol/Momelotinib.svg, CHEMBL1078178
Orantinib,"KDR,PDGFRB,FGFR1",310.1,Smiles=Cc1c(c([nH]c1/C=C\2/c3ccccc3NC2=O)C)CCC(=O)OInChiKey=NHFDRBXTEDBWCZ-ZROIWOOFSA-N,"TSU-68,SU-6668,Orantinib",http://www.icoa.fr/pkidb/static/img/mol/Orantinib.svg, CHEMBL274654
Itacitinib,JAK1,553.2,Smiles=c1cnc-2[nH]cnc(c12)c3cnn(c3)C4(CN(C4)C5CCN(CC5)C(=O)c6ccnc(c6F)C(F)(F)F)CC#NInChiKey=KTBSXLIQKWEBRB-UHFFFAOYSA-N,"INCB-039110,INCB-39110,Itacitinib,INCB039110",http://www.icoa.fr/pkidb/static/img/mol/Itacitinib.svg, CHEMBL3622820
Pyrotinib,"EGFR,ERBB2",582.2,Smiles=CCOc1cc2c(cc1NC(=O)/C=C/[C@H]3CCCN3C)c(c(cn2)C#N)Nc4ccc(c(c4)Cl)OCc5ccccn5InChiKey=SADXACCFNXBCFY-IYNHSRRRSA-N,SHR1258,http://www.icoa.fr/pkidb/static/img/mol/Pyrotinib.svg, CHEMBL3647420
Capmatinib,MET,412.1,Smiles=CNC(=O)c1ccc(cc1F)c2cnc3ncc(n3n2)Cc4ccc5c(c4)cccn5InChiKey=LIOLIMKSCNQPLV-UHFFFAOYSA-N,"INC280,Capmatinib,INCB-28060,NVP-INC280,NYP-INC280-NX,INC-280",http://www.icoa.fr/pkidb/static/img/mol/Capmatinib.svg, CHEMBL3188267
Selumetinib,"MAP2K1,MAP2K2",456.0,Smiles=Cn1cnc2c1cc(c(c2F)Nc3ccc(cc3Cl)Br)C(=O)NOCCOInChiKey=CYOHGALHFOKKQC-UHFFFAOYSA-N,"ARRY-142886,AZD-6244,ARRY-886,Selumetinib",http://www.icoa.fr/pkidb/static/img/mol/Selumetinib.svg, CHEMBL1614701
Savolitinib,MET,345.1,Smiles=C[C@@H](c1ccc2nccn2c1)n3c4c(ncc(n4)c5cnn(c5)C)nn3InChiKey=XYDNMOZJKOGZLS-NSHDSACASA-N,"AZD-6094,Savolitinib,HMPL-504,AZD6094",http://www.icoa.fr/pkidb/static/img/mol/Savolitinib.svg, CHEMBL3334567
Saracatinib,"SRC,ABL1",541.2,Smiles=CN1CCN(CC1)CCOc2cc3c(c(c2)OC4CCOCC4)c(ncn3)Nc5c(ccc6c5OCO6)ClInChiKey=OUKYUETWWIPKQR-UHFFFAOYSA-N,"AZD-0530,Saracatinib,AZ-10353926",http://www.icoa.fr/pkidb/static/img/mol/Saracatinib.svg, CHEMBL217092
Semaxanib,KDR,238.1,Smiles=Cc1cc([nH]c1/C=C\2/c3ccccc3NC2=O)CInChiKey=WUWDLXZGHZSWQZ-WQLSENKSSA-N,"SU-5416,Semaxinib,Semaxanib",http://www.icoa.fr/pkidb/static/img/mol/Semaxanib.svg, CHEMBL276711
Rigosertib,"PIK3CA,PLK1",451.1,Smiles=COc1ccc(cc1NCC(=O)O)CS(=O)(=O)/C=C/c2c(cc(cc2OC)OC)OCInChiKey=OWBFCJROIKNMGD-BQYQJAHWSA-N,"Rigosertib,ON-01910",http://www.icoa.fr/pkidb/static/img/mol/Rigosertib.svg, CHEMBL1241855
Radotinib,"ABL1,PDGFRB",530.2,Smiles=Cc1ccc(cc1Nc2nccc(n2)c3cnccn3)C(=O)Nc4cc(cc(c4)n5cc(nc5)C)C(F)(F)FInChiKey=DUPWHXBITIZIKZ-UHFFFAOYSA-N,SUPECIY5511HCL,http://www.icoa.fr/pkidb/static/img/mol/Radotinib.svg, None
Quizartinib,"FLT3,CSF1R,KIT",560.2,Smiles=CC(C)(C)c1cc(no1)NC(=O)Nc2ccc(cc2)c3cn4c5ccc(cc5sc4n3)OCCN6CCOCC6InChiKey=CVWXJKQAOSCOAB-UHFFFAOYSA-N,"ASP-2689,AC220,Quizartinib,AC010220,AC-220",http://www.icoa.fr/pkidb/static/img/mol/Quizartinib.svg, CHEMBL576982
Famitinib,"KIT,KDR,FLT4,PDGFRA,PDGFRB,FLT1,FLT3",410.2,Smiles=CCN(CC)CCN1CCc2c(c(c([nH]2)/C=C\3/c4cc(ccc4NC3=O)F)C)C1=OInChiKey=GKEYKDOLBLYGRB-LGMDPLHJSA-N,SHR-1020,http://www.icoa.fr/pkidb/static/img/mol/Famitinib.svg, CHEMBL1278146
Lestaurtinib,FLT3,439.2,Smiles=C[C@@]12[C@](C[C@@H](O1)n3c4ccccc4c5c3c6n2c7ccccc7c6c8c5C(=O)NC8)(CO)OInChiKey=UIARLYUEJFELEN-LROUJFHJSA-N,"KT-5555,KT-555,Lestaurtinib,SPM-924,SP-924,A-154475,CEP-701,Cep-701,SP924,A-1544750",http://www.icoa.fr/pkidb/static/img/mol/Lestaurtinib.svg, CHEMBL603469
Rociletinib,EGFR,555.2,Smiles=CC(=O)N1CCN(CC1)c2ccc(c(c2)OC)Nc3ncc(c(n3)Nc4cccc(c4)NC(=O)C=C)C(F)(F)FInChiKey=HUFOZJXAKZVRNJ-UHFFFAOYSA-N,"CNX-419,AVL-301,CO-1686,Rociletinib",http://www.icoa.fr/pkidb/static/img/mol/Rociletinib.svg, CHEMBL3545308
Simotinib,EGFR,500.2,Smiles=COc1cc2c(cc1OCCN3CC4(CC4)C5(C3)OCCO5)c(ncn2)Nc6ccc(c(c6)Cl)FInChiKey=OXWUWXCJDBRCCG-UHFFFAOYSA-N,SIM-6802,http://www.icoa.fr/pkidb/static/img/mol/Simotinib.svg, CHEMBL3545235
Alisertib,AURKA,518.1,Smiles=COc1cccc(c1C2=NCc3cnc(nc3-c4c2cc(cc4)Cl)Nc5ccc(c(c5)OC)C(=O)O)FInChiKey=ZLHFILGSQDJULK-UHFFFAOYSA-N,"MLN-8237,Alisertib",http://www.icoa.fr/pkidb/static/img/mol/Alisertib.svg, CHEMBL483158
Cediranib,KDR,450.2,Smiles=Cc1cc2c([nH]1)ccc(c2F)Oc3c4cc(c(cc4ncn3)OCCCN5CCCC5)OCInChiKey=XXJWYDDUDKYVKI-UHFFFAOYSA-N,"Recentin,ZD-2171,AZD-2171,Cediranib",http://www.icoa.fr/pkidb/static/img/mol/Cediranib.svg, CHEMBL491473
Buparlisib,PIK3CA,410.2,Smiles=c1c(c(cnc1N)c2cc(nc(n2)N3CCOCC3)N4CCOCC4)C(F)(F)FInChiKey=CWHUFRVAEUJCEF-UHFFFAOYSA-N,"NVP-BKM120,BKM-120,Buparlisib,BKM120-NX",http://www.icoa.fr/pkidb/static/img/mol/Buparlisib.svg, CHEMBL2017974
Tivantinib,MET,369.1,Smiles=c1ccc2c(c1)c(c[nH]2)[C@H]3[C@@H](C(=O)NC3=O)c4cn5c6c4cccc6CCC5InChiKey=UCEQXRCJXIVODC-PMACEKPBSA-N,"ARQ-197,Tivantinib",http://www.icoa.fr/pkidb/static/img/mol/Tivantinib.svg, CHEMBL2103882
Brivanib,KDR,370.1,Smiles=Cc1cc2c([nH]1)ccc(c2F)Oc3c4c(c(cn4ncn3)OC[C@@H](C)O)CInChiKey=WCWUXEGQKLTGDX-LLVKDONJSA-N,"Brivanib,BMS-540215",http://www.icoa.fr/pkidb/static/img/mol/Brivanib.svg, CHEMBL377300
Fruquintinib,"FLT1,KDR,FLT4",393.1,Smiles=Cc1c(c2ccc(cc2o1)Oc3c4cc(c(cc4ncn3)OC)OC)C(=O)NCInChiKey=BALLNEJQLSTPIO-UHFFFAOYSA-N,HMP-013HMPL-013,http://www.icoa.fr/pkidb/static/img/mol/Fruquintinib.svg, None
Barasertib,AURKB,587.2,Smiles=CCN(CCCOc1ccc2c(c1)ncnc2Nc3cc(n[nH]3)CC(=O)Nc4cccc(c4)F)CCOP(=O)(O)OInChiKey=GBJVVSCPOBPEIT-UHFFFAOYSA-N,"Barasertib,AZD-1152",http://www.icoa.fr/pkidb/static/img/mol/Barasertib.svg, CHEMBL415049
Dovitinib,"FGFR3,VEGFA,FGFR1,PDGFRA,KIT,CSF1R",392.2,Smiles=CN1CCN(CC1)c2ccc3c(c2)[nH]c(n3)c4c(c5c(cccc5F)[nH]c4=O)NInChiKey=PIQCTGMSNWUMAF-UHFFFAOYSA-N,"GFKI-258,TKI-258,CHIR-258,NVP-TKI258,Dovitinib",http://www.icoa.fr/pkidb/static/img/mol/Dovitinib.svg, CHEMBL522892
Volasertib,PLK1,618.4,Smiles=CC[C@H]1N(c2nc(ncc2N(C1=O)C)Nc3c(cc(cc3)C(=O)N[C@H]4CC[C@@H](CC4)N5CCN(CC5)CC6CC6)OC)C(C)CInChiKey=SXNJFOWDRLKDSF-STROYTFGSA-N,"BI-6727,Volasertib",http://www.icoa.fr/pkidb/static/img/mol/Volasertib.svg, CHEMBL1233528
Ensartinib,ALK,560.2,Smiles=C[C@@H]1CN(C[C@@H](N1)C)C(=O)c2ccc(cc2)NC(=O)c3cc(c(nn3)N)O[C@H](C)c4c(ccc(c4Cl)F)ClInChiKey=GLYMPHUVMRFTFV-QLFBSQMISA-N,X-396X396X-396 CAPSULESENSARTINIB,http://www.icoa.fr/pkidb/static/img/mol/Ensartinib.svg, CHEMBL4113131
Dinaciclib,"CDK4,CDK6,BRDT",396.2,Smiles=CCc1cnn2c1nc(cc2NCc3ccc[n+](c3)[O-])N4CCCC[C@H]4CCOInChiKey=PIMQWRZWLQKKBJ-SFHVURJKSA-N,"MK-7965,SCH-727965,Dinaciclib",http://www.icoa.fr/pkidb/static/img/mol/Dinaciclib.svg, CHEMBL2103840
Peficitinib,"JAK1,JAK2,JAK3,TYK2",326.2,Smiles=c1c[nH]c2c1c(c(cn2)C(=O)N)N[C@@H]3[C@@H]4C[C@@H]5C[C@H]3C[C@@](C5)(C4)OInChiKey=DREIJXJRTLTGJC-ZKVNVPQCSA-N,ASP015K ASP015K hydrobromide,http://www.icoa.fr/pkidb/static/img/mol/Peficitinib.svg, None
Taselisib,"PIK3CA,PIK3CD,PIK3CG",460.2,Smiles=Cc1nc(n(n1)C(C)C)c2cn3c(n2)-c4ccc(cc4OCC3)c5cnn(c5)C(C)(C)C(=O)NInChiKey=BEUQXVWXFDOSAQ-UHFFFAOYSA-N,"RG-7604,Taselisib,GDC-0032",http://www.icoa.fr/pkidb/static/img/mol/Taselisib.svg, CHEMBL2387080
Vatalanib,"FLT1,KDR,FLT4",346.1,Smiles=c1ccc2c(c1)c(nnc2Nc3ccc(cc3)Cl)Cc4ccncc4InChiKey=YCOYDOIWSSHVCK-UHFFFAOYSA-N,"BAY-86-5127,PTK-787,NVP-PTK787,ZK-222584,K-222584,CGP-79787,PTK787,Vatalanib",http://www.icoa.fr/pkidb/static/img/mol/Vatalanib.svg, CHEMBL101253
Canertinib,EGFR,485.2,Smiles=C=CC(=O)Nc1cc2c(cc1OCCCN3CCOCC3)ncnc2Nc4ccc(c(c4)Cl)FInChiKey=OMZCMEYTWSXEPZ-UHFFFAOYSA-N,"CI-1033,Canertinib",http://www.icoa.fr/pkidb/static/img/mol/Canertinib.svg, CHEMBL31965
Masitinib,"KIT,PDGFRA,PDGFRB,FGFR1,FGFR2,FGFR3",498.2,Smiles=Cc1ccc(cc1Nc2nc(cs2)c3cccnc3)NC(=O)c4ccc(cc4)CN5CCN(CC5)CInChiKey=WJEOLQLKVOPQFV-UHFFFAOYSA-N,"Masivet;Kinavet,Masitinib,AB-1010",http://www.icoa.fr/pkidb/static/img/mol/Masitinib.svg, CHEMBL1908391
Crenolanib,"FLT3,PDGFRA,PDGFRB",443.2,Smiles=CC1(COC1)COc2ccc3c(c2)ncn3c4ccc5cccc(c5n4)N6CCC(CC6)NInChiKey=DYNHJHQFHQTFTP-UHFFFAOYSA-N,"CP-868596,ARO-002,Crenolanib",http://www.icoa.fr/pkidb/static/img/mol/Crenolanib.svg, CHEMBL2105728
Sitravatinib,"RET,DDR2,NTRK1,NTRK2,NTRK3",629.2,Smiles=COCCNCc1ccc(nc1)c2cc3c(s2)c(ccn3)Oc4ccc(cc4F)NC(=O)C5(CC5)C(=O)Nc6ccc(cc6)FInChiKey=WLAVZAAODLTUSW-UHFFFAOYSA-N,"MGCD516,Sitravatinib",http://www.icoa.fr/pkidb/static/img/mol/Sitravatinib.svg, CHEMBL3989926
Crizotinib,"ALK,MET",449.1,Smiles=C[C@H](c1c(ccc(c1Cl)F)Cl)Oc2cc(cnc2N)c3cnn(c3)C4CCNCC4InChiKey=KTEIFNKAUNYNJU-GFCCVEGCSA-N,"Xalkori,Crizotinib,PF-2341066",http://www.icoa.fr/pkidb/static/img/mol/Crizotinib.svg, CHEMBL601719
Copanlisib,"PIK3CA,PIK3CB",480.2,Smiles=COc1c(ccc2c1N=C(N3C2=NCC3)NC(=O)c4cnc(nc4)N)OCCCN5CCOCC5InChiKey=PZBCKZWLPGJMAO-UHFFFAOYSA-N,"Copanlisib,BAY 80-6946,BAY-80-6946",http://www.icoa.fr/pkidb/static/img/mol/Copanlisib.svg, CHEMBL3218576
Cobimetinib,MAP2K1,531.1,Smiles=c1c(cc(c(c1)Nc2c(c(ccc2C(=O)N3C[C@@](C3)(O)[C@H]4NCCCC4)F)F)F)IInChiKey=BSMCAPRUBJMWDF-KRWDZBQOSA-N,"Cotellic,RG-7421,GDC-0973,RG-7420,XL-518,Cobimetinib",http://www.icoa.fr/pkidb/static/img/mol/Cobimetinib.svg, CHEMBL2146883
Gefitinib,EGFR,446.2,Smiles=COc1cc2c(cc1OCCCN3CCOCC3)c(ncn2)Nc4ccc(c(c4)Cl)FInChiKey=XGALLCVXEZPNRQ-UHFFFAOYSA-N,"Iressa,Gefitinib,Iressa,ZD-1839",http://www.icoa.fr/pkidb/static/img/mol/Gefitinib.svg, CHEMBL939
Ibrutinib,BTK,440.2,Smiles=C=CC(=O)N1CCC[C@H](C1)n2c3c(c(n2)c4ccc(cc4)Oc5ccccc5)c(ncn3)NInChiKey=XYFPWWZEPKGCCK-GOSISDBHSA-N,"Imbruvica,PCI-32765,PCI-32765-00,Ibrutinib,CRA-032765",http://www.icoa.fr/pkidb/static/img/mol/Ibrutinib.svg, CHEMBL1873475
Cabozantinib,"MET,KDR,RET",501.2,Smiles=COc1cc2c(ccnc2cc1OC)Oc3ccc(cc3)NC(=O)C4(CC4)C(=O)Nc5ccc(cc5)FInChiKey=ONIQOQHATWINJY-UHFFFAOYSA-N,"Cabometyx;Cometriq,XL-184,Cabozantinib,BMS-907351",http://www.icoa.fr/pkidb/static/img/mol/Cabozantinib.svg, CHEMBL2105717
Pazopanib,"FLT1,KDR,FLT4,PDGFRA,PDGFRB,KIT,FGFR3,ITK,FGFR1",437.2,Smiles=Cc1ccc(cc1S(=O)(=O)N)Nc2nccc(n2)N(C)c3ccc4c(n(nc4c3)C)CInChiKey=CUIHSIWYWATEQL-UHFFFAOYSA-N,"Votrient,Pazopanib,GW786034",http://www.icoa.fr/pkidb/static/img/mol/Pazopanib.svg, CHEMBL477772
Neratinib,"ERBB2,EGFR",556.2,Smiles=CCOc1cc2c(cc1NC(=O)/C=C/CN(C)C)c(c(cn2)C#N)Nc3ccc(c(c3)Cl)OCc4ccccn4InChiKey=JWNPDZNEKVCWMY-VQHVLOKHSA-N,"WAY-179272,CDP-820,Neratinib,HKI-272",http://www.icoa.fr/pkidb/static/img/mol/Neratinib.svg, CHEMBL180022
Nilotinib,"ABL1,KIT",529.2,Smiles=Cc1ccc(cc1Nc2nccc(n2)c3cccnc3)C(=O)Nc4cc(cc(c4)n5cc(nc5)C)C(F)(F)FInChiKey=HHZIURLSWUIHRB-UHFFFAOYSA-N,"Tasigna,Nilotinib,AMN-107",http://www.icoa.fr/pkidb/static/img/mol/Nilotinib.svg, CHEMBL255863
Dabrafenib,"BRAF,RAF1,SIK1,NEK11,LIMK1",519.1,Smiles=CC(C)(C)c1nc(c(s1)c2ccnc(n2)N)c3cccc(c3F)NS(=O)(=O)c4c(cccc4F)FInChiKey=BFSMGDJOXZAERB-UHFFFAOYSA-N,"Tafinlar,GSK2118436A,Dabrafenib",http://www.icoa.fr/pkidb/static/img/mol/Dabrafenib.svg, CHEMBL2028663
Dasatinib,"ABL1,SRC,EPHA2,LCK,YES1,KIT,PDGFRB,ABL2,FYN",487.2,Smiles=Cc1cccc(c1NC(=O)c2cnc(s2)Nc3cc(nc(n3)C)N4CCN(CC4)CCO)ClInChiKey=ZBNZXTGUTAYRHI-UHFFFAOYSA-N,"Sprycel;Dasatinib,BMS-354825-03,BMS-354825,Dasatinib",http://www.icoa.fr/pkidb/static/img/mol/Dasatinib.svg, CHEMBL1421
Trametinib,"BRAF,MAP2K1,MAP2K2",615.1,Smiles=Cc1c2c(c(n(c1=O)C)Nc3ccc(cc3F)I)c(=O)n(c(=O)n2c4cccc(c4)NC(=O)C)C5CC5InChiKey=LIRYPHYGHXZJBZ-UHFFFAOYSA-N,"Mekinist,GSK1120212,Trametinib",http://www.icoa.fr/pkidb/static/img/mol/Trametinib.svg, CHEMBL2103875
Ruxolitinib,"JAK1,JAK2",306.2,Smiles=c1c[nH]c2c1c(ncn2)c3cnn(c3)[C@H](CC#N)C4CCCC4InChiKey=HFNKQEVNSGCOJV-OAHLLOKOSA-N,"Jakavi,INCB-018424,Ruxolitinib",http://www.icoa.fr/pkidb/static/img/mol/Ruxolitinib.svg, CHEMBL1789941
Vandetanib,"VEGFA,EGFR,PTK6,TEK,RET",474.1,Smiles=CN1CCC(CC1)COc2cc3c(cc2OC)c(ncn3)Nc4ccc(cc4F)BrInChiKey=UHTHHESEBZOYNR-UHFFFAOYSA-N,"Caprelsa;Zactima,GNF-Pf-2188,ZD-6474,Vandetanib,ZD-64",http://www.icoa.fr/pkidb/static/img/mol/Vandetanib.svg, CHEMBL24828
Erlotinib,"EGFR,NR1I2",393.2,Smiles=COCCOc1cc2c(cc1OCCOC)ncnc2Nc3cccc(c3)C#CInChiKey=AAKJLRGGTJKAMG-UHFFFAOYSA-N,"Tarceva,Erlotinib,OSI-774,RG-1415,CP-358774,R-1415,Ro-508231",http://www.icoa.fr/pkidb/static/img/mol/Erlotinib.svg, CHEMBL553
Pexidartinib,"FLT3,KIT,CSF1R",417.1,Smiles=c1cc(ncc1Cc2c[nH]c3c2cc(cn3)Cl)NCc4ccc(nc4)C(F)(F)FInChiKey=JGWRKYUXBBNENE-UHFFFAOYSA-N,"CML-261,Pexidartinib,PLX3397",http://www.icoa.fr/pkidb/static/img/mol/Pexidartinib.svg, CHEMBL3813873
Tofacitinib,"JAK1,JAK2,JAK3,TYK2",312.2,Smiles=C[C@@H]1CCN(C[C@@H]1N(C)c2c3cc[nH]c3ncn2)C(=O)CC#NInChiKey=UJLAWZDWDVHWOW-YPMHNXCESA-N,"Tasocitinib,550,CP-690550,CP-690,Tofacitinib",http://www.icoa.fr/pkidb/static/img/mol/Tofacitinib.svg, CHEMBL221959
Nintedanib,"FLT1,KDR,FLT4,FGFR1,FGFR2,FGFR3,FLT3,LCK,LYN,SRC",539.3,Smiles=CN1CCN(CC1)CC(=O)N(C)c2ccc(cc2)N/C(=C\3/c4ccc(cc4NC3=O)C(=O)OC)/c5ccccc5InChiKey=XZXHXSATPCNXJR-ZIADKAODSA-N,"Ofev;Vargatef,Nintedanib,BIBF-1120",http://www.icoa.fr/pkidb/static/img/mol/Nintedanib.svg, CHEMBL502835
Tivozanib,"FLT1,KDR,FLT4",454.1,Smiles=Cc1cc(no1)NC(=O)Nc2ccc(cc2Cl)Oc3ccnc4c3cc(c(c4)OC)OCInChiKey=SPMVMDHWKHCIDT-UHFFFAOYSA-N,"AV-951,Tivozanib,Kil-8951,Kil8951,ASP-4130,KRN-951",http://www.icoa.fr/pkidb/static/img/mol/Tivozanib.svg, CHEMBL1289494
Larotrectinib,"NTRK1,NTRK2,NTRK3",428.2,Smiles=c1cc(c(cc1F)[C@H]2CCCN2c3ccn4c(n3)c(cn4)NC(=O)N5CC[C@@H](C5)O)FInChiKey=NYNZQNWKBKUAII-KBXCAEBGSA-N,"Larotrectinib,LOXO-101",http://www.icoa.fr/pkidb/static/img/mol/Larotrectinib.svg, CHEMBL3889654
Entrectinib,"NTRK1,NTRK2,NTRK3,ROS1,ALK",560.3,Smiles=CN1CCN(CC1)c2ccc(c(c2)NC3CCOCC3)C(=O)Nc4c5cc(ccc5[nH]n4)Cc6cc(cc(c6)F)FInChiKey=HAYYBYPASCDWEQ-UHFFFAOYSA-N,"Entrectinib,RXDX-101,NMS-E628",http://www.icoa.fr/pkidb/static/img/mol/Entrectinib.svg, CHEMBL1983268
Sunitinib,"PDGFRB,FLT1,KIT,KDR,FLT4,FLT3,CSF1R,PDGFRA",398.2,Smiles=CCN(CC)CCNC(=O)c1c(c([nH]c1C)/C=C\2/c3cc(ccc3NC2=O)F)CInChiKey=WINHZLLDWRZWRT-ATVHPVEESA-N,"Sutent,Sunitinib,SU-11248,Sutent",http://www.icoa.fr/pkidb/static/img/mol/Sunitinib.svg, CHEMBL535
Sorafenib,"BRAF,RAF1,FLT4,KDR,FLT3,PDGFRB,KIT,FGFR1,RET,FLT1",464.1,Smiles=CNC(=O)c1cc(ccn1)Oc2ccc(cc2)NC(=O)Nc3ccc(c(c3)C(F)(F)F)ClInChiKey=MLDQJTXFUGDVEO-UHFFFAOYSA-N,"Nexavar,Sorafenib,BAY-43-9006",http://www.icoa.fr/pkidb/static/img/mol/Sorafenib.svg, CHEMBL1336
Abemaciclib,"CDK4,CDK6",506.3,Smiles=CCN1CCN(CC1)Cc2ccc(nc2)Nc3ncc(c(n3)c4cc5c(c(c4)F)nc(n5C(C)C)C)FInChiKey=UZWDCWONPYILKI-UHFFFAOYSA-N,"Verzenio,Abemaciclib,LY-2835219",http://www.icoa.fr/pkidb/static/img/mol/Abemaciclib.svg, CHEMBL3301610
Vemurafenib,BRAF,489.1,Smiles=CCCS(=O)(=O)Nc1ccc(c(c1F)C(=O)c2c[nH]c3c2cc(cn3)c4ccc(cc4)Cl)FInChiKey=GPXBXXGIAQBQNI-UHFFFAOYSA-N,"Zelboraf,Vemurafenib,PLX-4032,Ro-5185426,RG-7204",http://www.icoa.fr/pkidb/static/img/mol/Vemurafenib.svg, CHEMBL1229517
Osimertinib,EGFR,499.3,Smiles=Cn1cc(c2c1cccc2)c3ccnc(n3)Nc4cc(c(cc4OC)N(C)CCN(C)C)NC(=O)C=CInChiKey=DUYJMQONPNNFPI-UHFFFAOYSA-N,"Tagrisso,Osimertinib,AZD-9291",http://www.icoa.fr/pkidb/static/img/mol/Osimertinib.svg, CHEMBL3353410
Alpelisib,PIK3CA,441.1,Smiles=Cc1c(sc(n1)NC(=O)N2CCC[C@H]2C(=O)N)c3ccnc(c3)C(C)(C)C(F)(F)FInChiKey=STUWGJZDJHPWGZ-LBPRGKRZSA-N,"NVP-BYL719,Alpelisib,BYL-719",http://www.icoa.fr/pkidb/static/img/mol/Alpelisib.svg, CHEMBL2396661
Lenvatinib,"FLT1,KDR,FLT4,FGFR1,FGFR2,FGFR3,FGFR4,KIT",426.1,Smiles=COc1cc2c(cc1C(=O)N)c(ccn2)Oc3ccc(c(c3)Cl)NC(=O)NC4CC4InChiKey=WOSKHXYHFSIKNG-UHFFFAOYSA-N,"Lenvima;Kisplyx,ER-203492-00,Lenvatinib",http://www.icoa.fr/pkidb/static/img/mol/Lenvatinib.svg, CHEMBL1289601
Erdafitinib,FGFR1,446.2,Smiles=CC(C)NCCN(c1ccc2c(c1)nc(cn2)c3cnn(c3)C)c4cc(cc(c4)OC)OCInChiKey=OLAHOMJCDNXHFI-UHFFFAOYSA-N,"Erdafitinib,JNJ-42756493",http://www.icoa.fr/pkidb/static/img/mol/Erdafitinib.svg, CHEMBL3545376
Lorlatinib,"ALK,ROS1",406.2,Smiles=C[C@@H]1c2cc(ccc2C(=O)N(Cc3c(c(n(n3)C)C#N)-c4cc(c(nc4)N)O1)C)FInChiKey=IIXWYSCJSQVBQM-LLVKDONJSA-N,"Lorlatinib,PF-06463922",http://www.icoa.fr/pkidb/static/img/mol/Lorlatinib.svg, CHEMBL3286830
Upadacitinib,JAK1,380.2,Smiles=CC[C@@H]1CN(C[C@@H]1c2cnc3n2c4cc[nH]c4nc3)C(=O)NCC(F)(F)FInChiKey=WYQFJHHDOKWSHR-MNOVXSKESA-N,"ABT-494,Upadacitinib",http://www.icoa.fr/pkidb/static/img/mol/Upadacitinib.svg, CHEMBL3622821
Fedratinib,"JAK2,FLT3,BRD4",524.3,Smiles=Cc1cnc(nc1Nc2cccc(c2)S(=O)(=O)NC(C)(C)C)Nc3ccc(cc3)OCCN4CCCC4InChiKey=JOOXLOJCABQBSG-UHFFFAOYSA-N,"SAR-302503,Fedratinib,TG101348,TG-101348",http://www.icoa.fr/pkidb/static/img/mol/Fedratinib.svg, CHEMBL1287853
Dacomitinib,EGFR,469.2,Smiles=COc1cc2c(cc1NC(=O)/C=C/CN3CCCCC3)c(ncn2)Nc4ccc(c(c4)Cl)FInChiKey=LVXJQMNHJWSHET-AATRIKPKSA-N,"Dacomitinib,PF-00299804",http://www.icoa.fr/pkidb/static/img/mol/Dacomitinib.svg, CHEMBL2110732
Binimetinib,MAP2K1,440.0,Smiles=Cn1cnc2c1cc(c(c2F)Nc3ccc(cc3F)Br)C(=O)NOCCOInChiKey=ACWZRVQXLIRSDF-UHFFFAOYSA-N,"ARRY-162,NVP-MEK162,Binimetinib,MEK-162,ARRY-438162",http://www.icoa.fr/pkidb/static/img/mol/Binimetinib.svg, CHEMBL3187723
Encorafenib,BRAF,539.2,Smiles=C[C@@H](CNc1nccc(n1)c2cn(nc2c3cc(cc(c3F)NS(=O)(=O)C)Cl)C(C)C)NC(=O)OCInChiKey=CMJCXYNUCSMDBY-ZDUSSCGKSA-N,"NVP-LGX818-NXA,LGX-818,Encorafenib,NVP-LGX818",http://www.icoa.fr/pkidb/static/img/mol/Encorafenib.svg, CHEMBL3301612
Duvelisib,"PIK3CD,PIK3CG",416.1,Smiles=C[C@@H](c1cc2cccc(c2c(=O)n1c3ccccc3)Cl)Nc4c5c([nH]cn5)ncn4InChiKey=SJVQHLPISAIATJ-ZDUSSCGKSA-N,"INK-1197,INK-1147,IPI-145,Duvelisib",http://www.icoa.fr/pkidb/static/img/mol/Duvelisib.svg, CHEMBL3039502
Gilteritinib,"FLT3,AXL,ALK",552.4,Smiles=CCc1c(nc(c(n1)C(=O)N)Nc2ccc(c(c2)OC)N3CCC(CC3)N4CCN(CC4)C)NC5CCOCC5InChiKey=GYQYAJJFPNQOOW-UHFFFAOYSA-N,"ASP-2215,Gilteritinib",http://www.icoa.fr/pkidb/static/img/mol/Gilteritinib.svg, CHEMBL3301622
Fostamatinib,SYK,580.1,Smiles=CC1(C(=O)N(c2c(ccc(n2)Nc3c(cnc(n3)Nc4cc(c(c(c4)OC)OC)OC)F)O1)COP(=O)(O)O)CInChiKey=GKDRMWXFWHEQQT-UHFFFAOYSA-N,"R-935788,R-788 Free acid,R-935788 Free acid,Fostamatinib,R-788",http://www.icoa.fr/pkidb/static/img/mol/Fostamatinib.svg, CHEMBL2103830
Bosutinib,"BCR,ABL1,LYN,HCK,SRC,CDK2,MAP2K1,MAP2K2,MAP3K2,CAMK2G",529.2,Smiles=CN1CCN(CC1)CCCOc2cc3c(cc2OC)c(c(cn3)C#N)Nc4cc(c(cc4Cl)Cl)OCInChiKey=UBPYILGKFZZVDX-UHFFFAOYSA-N,"Bosulif,Bosutinib Monohydrate,Bosutinib,SKI-606",http://www.icoa.fr/pkidb/static/img/mol/Bosutinib.svg, CHEMBL288441
Alectinib,ALK,482.3,Smiles=CCc1cc2c(cc1N3CCC(CC3)N4CCOCC4)C(c5c(c6ccc(cc6[nH]5)C#N)C2=O)(C)CInChiKey=KDGFLJKFZUIJMX-UHFFFAOYSA-N,"Alectinib,CH-5424802,AF-802",http://www.icoa.fr/pkidb/static/img/mol/Alectinib.svg, CHEMBL1738797
Palbociclib,"CDK4,CDK6",447.2,Smiles=Cc1c2cnc(nc2n(c(=O)c1C(=O)C)C3CCCC3)Nc4ccc(cn4)N5CCNCC5InChiKey=AHJRHEGDXFFMBM-UHFFFAOYSA-N,"Ibrance,Palbociclib,PD-0332991",http://www.icoa.fr/pkidb/static/img/mol/Palbociclib.svg, CHEMBL189963
Afatinib,"EGFR,ERBB2,ERBB4",485.2,Smiles=CN(C)C/C=C/C(=O)Nc1cc2c(cc1O[C@H]3CCOC3)ncnc2Nc4ccc(c(c4)Cl)FInChiKey=ULXXDDBFHOBEHA-CWDCEQMOSA-N,"Giotrif;Gilotrif,Afatinib,BIBW-2992",http://www.icoa.fr/pkidb/static/img/mol/Afatinib.svg, CHEMBL1173655
Acalabrutinib,BTK,465.2,Smiles=CC#CC(=O)N1CCC[C@H]1c2nc(c3n2ccnc3N)c4ccc(cc4)C(=O)Nc5ccccn5InChiKey=WDENQIQQYWYTPO-IBGZPJMESA-N,"Calquence,ACP-196,Acalabrutinib",http://www.icoa.fr/pkidb/static/img/mol/Acalabrutinib.svg, CHEMBL3707348
Anlotinib,"KDR,FLT4",407.2,Smiles=Cc1cc2c([nH]1)ccc(c2F)Oc3ccnc4c3cc(c(c4)OCC5(CC5)N)OCInChiKey=KSMZEXLVHXZPEF-UHFFFAOYSA-N,ALTNAPCIIAL3818ATC IFU KE WEIAPC IATCIIANLOTINIB,http://www.icoa.fr/pkidb/static/img/mol/Anlotinib.svg, None
Baricitinib,"JAK1,JAK2",371.1,Smiles=CCS(=O)(=O)N1CC(C1)(CC#N)n2cc(cn2)c3c4cc[nH]c4ncn3InChiKey=XUZMWHLSFXCVMG-UHFFFAOYSA-N,"Baricitinib,LY-3009104,INCB-28050,INCB-028050",http://www.icoa.fr/pkidb/static/img/mol/Baricitinib.svg, CHEMBL2105759
Axitinib,"FLT1,KDR,FLT4",386.1,Smiles=CNC(=O)c1ccccc1Sc2ccc3c(c2)[nH]nc3/C=C/c4ccccn4InChiKey=RITAVMQDGBJQJZ-FMIVXFBMSA-N,"Inlyta,AG-13736,Axitinib,AG-013736",http://www.icoa.fr/pkidb/static/img/mol/Axitinib.svg, CHEMBL1289926
Brigatinib,"ALK,EGFR",583.3,Smiles=CN1CCN(CC1)C2CCN(CC2)c3ccc(c(c3)OC)Nc4ncc(c(n4)Nc5ccccc5P(=O)(C)C)ClInChiKey=AILRADAXUVEEIR-UHFFFAOYSA-N,"Alunbrig,AP-26113,Brigatinib",http://www.icoa.fr/pkidb/static/img/mol/Brigatinib.svg, CHEMBL3545311
Ceritinib,ALK,557.2,Smiles=Cc1cc(c(cc1C2CCNCC2)OC(C)C)Nc3ncc(c(n3)Nc4ccccc4S(=O)(=O)C(C)C)ClInChiKey=VERWOWGGCGHDQE-UHFFFAOYSA-N,"Zykadia,Ceritinib,NVP-LDK378-NX",http://www.icoa.fr/pkidb/static/img/mol/Ceritinib.svg, CHEMBL2403108
Regorafenib,"FLT1,KDR,FLT4,KIT,PDGFRA,PDGFRB,FGFR1,FGFR2,TEK,DDR2,NTRK1,EPHA2,RAF1,BRAF,MAPK11,FRK,ABL1,RET",482.1,Smiles=CNC(=O)c1cc(ccn1)Oc2ccc(c(c2)F)NC(=O)Nc3ccc(c(c3)C(F)(F)F)ClInChiKey=FNHKPVJBJVTLMP-UHFFFAOYSA-N,"Stivarga,Regorafenib,BAY-734506 monohydrate,BAY-73-4506",http://www.icoa.fr/pkidb/static/img/mol/Regorafenib.svg, CHEMBL1946170
Icotinib,EGFR,391.2,Smiles=C#Cc1cccc(c1)Nc2c3cc4c(cc3ncn2)OCCOCCOCCO4InChiKey=QQLKULDARVNMAL-UHFFFAOYSA-N,BPI-2009H,http://www.icoa.fr/pkidb/static/img/mol/Icotinib.svg, CHEMBL2087361
Idelalisib,PIK3CD,415.2,Smiles=CC[C@@H](c1nc2cccc(c2c(=O)n1c3ccccc3)F)Nc4c5c([nH]cn5)ncn4InChiKey=IFSDAJWBUCMOAH-HNNXBMFYSA-N,"Zydelig,GS-1101,GS-11CAL-101,Idelalisib,CAL-101",http://www.icoa.fr/pkidb/static/img/mol/Idelalisib.svg, CHEMBL2216870
Imatinib,"KIT,RET,NTRK1,CSF1R,PDGFRA,DDR1,ABL1,PDGFRB",493.3,Smiles=Cc1ccc(cc1Nc2nccc(n2)c3cccnc3)NC(=O)c4ccc(cc4)CN5CCN(CC5)CInChiKey=KTUFNOKKBVMGRW-UHFFFAOYSA-N,"Gleevec,Imatinib,STI-571",http://www.icoa.fr/pkidb/static/img/mol/Imatinib.svg, CHEMBL941
Ponatinib,"ABL1,BCR,KIT,RET,TEK,FLT3,FGFR1,FGFR2,FGFR3,FGFR4,LCK,SRC,LYN,KDR,PDGFRA",532.2,Smiles=Cc1ccc(cc1C#Cc2cnc3n2nccc3)C(=O)Nc4ccc(c(c4)C(F)(F)F)CN5CCN(CC5)CInChiKey=PHXJVRSECIGDHY-UHFFFAOYSA-N,"Iclusig,AP-24534,Ponatinib",http://www.icoa.fr/pkidb/static/img/mol/Ponatinib.svg, CHEMBL1171837
Lapatinib,"EGFR,ERBB2",580.1,Smiles=CS(=O)(=O)CCNCc1ccc(o1)c2ccc3c(c2)c(ncn3)Nc4ccc(c(c4)Cl)OCc5cccc(c5)FInChiKey=BCFGMOOMADDAQU-UHFFFAOYSA-N,"Tyverb,GW-2016,GW-572016,Lapatinib",http://www.icoa.fr/pkidb/static/img/mol/Lapatinib.svg, CHEMBL554
Ribociclib,"CDK4,CDK6",434.3,Smiles=CN(C)C(=O)c1cc2cnc(nc2n1C3CCCC3)Nc4ccc(cn4)N5CCNCC5InChiKey=RHXHGRAEPCAFML-UHFFFAOYSA-N,"Ribociclib,LEE-011,NVP-LEE011",http://www.icoa.fr/pkidb/static/img/mol/Ribociclib.svg, CHEMBL3545110
